Date,Open,High,Low,Close,Volume
2024-06-03,1483,1514.5,1459,1510.324951171875,21527942
2024-06-04,1498.050048828125,1498.050048828125,1359.300048828125,1397.2750244140625,36709098
2024-06-05,1422,1431.1500244140625,1384.0999755859375,1420.75,17464890
2024-06-06,1435,1443.699951171875,1421.3499755859375,1431.5999755859375,17855722
2024-06-07,1428.5,1472,1426.5,1469.949951171875,18558696
2024-06-10,1469.949951171875,1493.3499755859375,1468.074951171875,1471.4000244140625,9251760
2024-06-11,1469,1473.675048828125,1454.675048828125,1456.675048828125,11774902
2024-06-12,1457.5,1476,1455.175048828125,1463.324951171875,10081742
2024-06-13,1472,1472.25,1460.0999755859375,1465.25,9181160
2024-06-14,1470,1479.675048828125,1457.2249755859375,1477.550048828125,8157998
2024-06-18,1487.3499755859375,1487.4000244140625,1471.3499755859375,1481.0250244140625,7196766
2024-06-19,1487.5,1487.5,1456,1458.6500244140625,8725874
2024-06-20,1459,1482.8499755859375,1450.0999755859375,1473.699951171875,16113776
2024-06-21,1473.625,1474.699951171875,1440.574951171875,1454.199951171875,31170360
2024-06-24,1445.5250244140625,1449.5,1437.5,1441.4749755859375,8878386
2024-06-25,1443,1455.925048828125,1441,1454.1500244140625,7045386
2024-06-26,1446.050048828125,1518.9749755859375,1445.125,1514.0250244140625,22014882
2024-06-27,1513.75,1537.5,1506,1530.550048828125,28383030
2024-06-28,1531.0250244140625,1581,1531.0250244140625,1565.4000244140625,28957336
2024-07-01,1562.5250244140625,1579.4000244140625,1555.675048828125,1560.1500244140625,7724306
2024-07-02,1569.5,1573.5,1557,1565.175048828125,7749246
2024-07-03,1566.324951171875,1575,1542.7750244140625,1552.425048828125,9049620
2024-07-04,1557,1567.5,1550.800048828125,1554.0250244140625,6837176
2024-07-05,1553.824951171875,1598.5,1548,1588.625,12269710
2024-07-08,1589,1608.800048828125,1582.5250244140625,1600.9000244140625,9500806
2024-07-09,1597.5999755859375,1600.5,1580.5,1590.2750244140625,6960002
2024-07-10,1595,1597.5,1563.1500244140625,1584.2249755859375,7134578
2024-07-11,1587.5,1604.25,1570.5,1580.6500244140625,11940946
2024-07-12,1584.5,1605.1500244140625,1574.5,1596.7249755859375,12924784
2024-07-15,1604.449951171875,1605.8499755859375,1585.5,1597.2249755859375,5329688
2024-07-16,1593.5,1600,1569.125,1576.25,9386838
2024-07-18,1576,1593.9000244140625,1557.824951171875,1586.675048828125,12298374
2024-07-19,1586,1589.9749755859375,1552.800048828125,1555.1500244140625,13140390
2024-07-22,1537.25,1537.5,1499.2750244140625,1500.675048828125,19674376
2024-07-23,1501,1505.75,1463,1487.9000244140625,18052044
2024-07-24,1485,1509.5,1476.4000244140625,1495.699951171875,11913362
2024-07-25,1481,1500.4749755859375,1477.074951171875,1492.4000244140625,12519876
2024-07-26,1492.4000244140625,1512.425048828125,1490.3499755859375,1509.0250244140625,9859940
2024-07-29,1511.949951171875,1527.5,1511.7750244140625,1520.0999755859375,7538550
2024-07-30,1517.0250244140625,1525,1510,1513.1500244140625,8228208
2024-07-31,1504,1510.449951171875,1501.1500244140625,1505.425048828125,10057346
2024-08-01,1512,1518,1504.300048828125,1515.300048828125,10764222
2024-08-02,1505,1509.324951171875,1493.2750244140625,1499.324951171875,10268248
2024-08-05,1480,1483.9000244140625,1433.25,1447.324951171875,17046704
2024-08-06,1455.1500244140625,1477.5,1451.324951171875,1456.050048828125,10236186
2024-08-07,1469,1472.5,1461.5,1464.824951171875,8174568
2024-08-08,1457.5250244140625,1465,1445.925048828125,1449.125,12387192
2024-08-09,1460,1476.5,1456,1474.300048828125,6249776
2024-08-12,1470,1473,1457.75,1460.625,8184584
2024-08-13,1460.75,1470.074951171875,1458,1463.625,6265064
2024-08-14,1463.550048828125,1472,1453.699951171875,1461.8499755859375,6267466
2024-08-16,1468.6500244140625,1480.4000244140625,1458.050048828125,1478.199951171875,9416902
2024-08-19,1482.5,1498.300048828125,1480.5,1488.4000244140625,13797742
2024-08-20,1497.2249755859375,1503.925048828125,1490.0250244140625,1495.949951171875,8411808
2024-08-21,1493.25,1507.875,1490,1498.675048828125,7769996
2024-08-22,1503,1506.5,1490.6500244140625,1498.125,10445782
2024-08-23,1503.75,1511.324951171875,1498.425048828125,1499.9749755859375,9249654
2024-08-26,1506.9749755859375,1523,1503,1512.5999755859375,8816114
2024-08-27,1510.5,1513.4749755859375,1499.449951171875,1500.449951171875,6251156
2024-08-28,1505,1507.4749755859375,1493,1498.300048828125,9610286
2024-08-29,1503.0999755859375,1537,1494,1520.925048828125,38335358
2024-08-30,1534,1539.7249755859375,1503.324951171875,1509.625,41620730
2024-09-02,1510.875,1526.800048828125,1506.625,1516.25,11240852
2024-09-03,1521.25,1523,1507.5,1509.125,10923800
2024-09-04,1500.699951171875,1517.5,1499.5,1514.550048828125,11983304
2024-09-05,1519.050048828125,1525.7750244140625,1487.050048828125,1492.9749755859375,16264168
2024-09-06,1492.5,1497,1461.625,1464.824951171875,19394228
2024-09-09,1466.5,1469.925048828125,1455.5999755859375,1462.449951171875,9010298
2024-09-10,1460.5,1472.050048828125,1457.574951171875,1461.5250244140625,10768260
2024-09-11,1463.050048828125,1468.75,1447.550048828125,1451.5,9760202
2024-09-12,1457,1486,1445.875,1479.800048828125,22349376
2024-09-13,1476.4000244140625,1483.1500244140625,1469.5,1472.625,8711328
2024-09-16,1477.550048828125,1480.9000244140625,1464.75,1471.3499755859375,5481774
2024-09-17,1474,1477.4749755859375,1466.625,1472.300048828125,5935328
2024-09-18,1470,1482,1460.550048828125,1463.449951171875,8574714
2024-09-19,1466.25,1476.5,1455.550048828125,1469.675048828125,16955902
2024-09-20,1474,1495,1471.375,1485.925048828125,30897320
2024-09-23,1491,1501.5,1488.949951171875,1493.375,8832314
2024-09-24,1488.5,1500.5,1487.875,1489.375,17137444
2024-09-25,1483.9000244140625,1496.5,1480.199951171875,1493.949951171875,7069002
2024-09-26,1490.6500244140625,1504,1488.050048828125,1497.949951171875,18818998
2024-09-27,1499,1533.4749755859375,1492,1526.175048828125,20597478
2024-09-30,1519.4000244140625,1524.9749755859375,1474.4000244140625,1476.574951171875,27008814
2024-10-01,1480.6500244140625,1487.949951171875,1462.824951171875,1464.824951171875,16431642
2024-10-03,1436.574951171875,1449.4000244140625,1402.074951171875,1406.9749755859375,37757294
2024-10-04,1403.925048828125,1417.3499755859375,1381.7750244140625,1386.5250244140625,37072876
2024-10-07,1393.5,1396.5,1361.375,1370.7249755859375,22181340
2024-10-08,1372.9749755859375,1401,1365.0999755859375,1397.3499755859375,17020808
2024-10-09,1397.5250244140625,1400.9749755859375,1372.5,1374.5999755859375,14310610
2024-10-10,1380.0250244140625,1386,1369.425048828125,1371.050048828125,22358646
2024-10-11,1370,1383.2750244140625,1368.824951171875,1372.0999755859375,7980122
2024-10-14,1379.449951171875,1380.074951171875,1368.25,1372.5250244140625,12221432
2024-10-15,1358.5250244140625,1371.699951171875,1340.699951171875,1344.0250244140625,33762794
2024-10-16,1340,1364,1337.625,1354.074951171875,20034438
2024-10-17,1365.699951171875,1368.449951171875,1352.050048828125,1356.425048828125,15543660
2024-10-18,1352.175048828125,1368.425048828125,1341.324951171875,1359.300048828125,12082452
2024-10-21,1367.125,1374,1357.7249755859375,1369.199951171875,14067408
2024-10-22,1369.199951171875,1376,1340.2249755859375,1343.3499755859375,15831960
2024-10-23,1337.5,1357.4749755859375,1335,1338.5250244140625,17214742
2024-10-24,1335.2750244140625,1343.699951171875,1323.125,1339.800048828125,22155934
2024-10-25,1343.5,1344.3499755859375,1322,1327.8499755859375,18597496
2024-10-28,1337,1353,1322.0999755859375,1334.3499755859375,10824350
2024-10-29,1328.0999755859375,1343.199951171875,1320.300048828125,1340,12008361
2024-10-30,1335,1350,1325.3499755859375,1343.9000244140625,11984423
2024-10-31,1340,1343,1326.1500244140625,1332.050048828125,9331650
2024-11-01,1333.050048828125,1341.949951171875,1333,1338.6500244140625,2127335
2024-11-04,1337.8499755859375,1340,1285.0999755859375,1302.1500244140625,19796890
2024-11-05,1293,1309.550048828125,1286.1500244140625,1305.300048828125,16267479
2024-11-06,1310,1328.300048828125,1300.199951171875,1325.3499755859375,21625209
2024-11-07,1324,1324,1302.5999755859375,1305.6500244140625,9611974
2024-11-08,1297.6500244140625,1301.6500244140625,1275,1283.75,19814406
2024-11-11,1278.949951171875,1286,1267,1272.699951171875,9056552
2024-11-12,1275.550048828125,1289.300048828125,1267.5,1274.25,10671091
2024-11-13,1270.25,1275.449951171875,1249.5,1252.050048828125,14633633
2024-11-14,1253.5999755859375,1272.5999755859375,1251.0999755859375,1267.5999755859375,12612633
2024-11-18,1267.5999755859375,1272.9000244140625,1243.9000244140625,1260.75,13620611
2024-11-19,1260.75,1281.5,1235.1500244140625,1241.6500244140625,14183746
2024-11-21,1241.6500244140625,1243.949951171875,1217.25,1223,19433843
2024-11-22,1229.4000244140625,1268.8499755859375,1222.449951171875,1265.4000244140625,20471957
2024-11-25,1290,1304.449951171875,1282.449951171875,1287,28923341
2024-11-26,1294.949951171875,1297.8499755859375,1284.199951171875,1295.699951171875,9247557
2024-11-27,1293.5,1303.8499755859375,1286,1293.199951171875,9572746
2024-11-28,1289.949951171875,1296.5999755859375,1269.050048828125,1270.800048828125,15027412
2024-11-29,1280,1299.5,1275.25,1292.199951171875,13202307
2024-12-02,1288,1311.3499755859375,1277.050048828125,1309.1500244140625,11024152
2024-12-03,1317,1326.800048828125,1307,1323.300048828125,16869482
2024-12-04,1326,1328.4000244140625,1304.050048828125,1308.949951171875,19608540
2024-12-05,1314.3499755859375,1329.949951171875,1306.1500244140625,1322.050048828125,16858723
2024-12-06,1323.9000244140625,1323.9000244140625,1310,1311.550048828125,9037514
2024-12-09,1303,1315,1293.0999755859375,1295.1500244140625,14650002
2024-12-10,1289.25,1294.9000244140625,1280.199951171875,1284.8499755859375,16043729
2024-12-11,1285,1290,1276.050048828125,1278.199951171875,11724373
2024-12-12,1270,1278.199951171875,1260.5999755859375,1262.9000244140625,20906813
2024-12-13,1260,1275.199951171875,1239.5999755859375,1272.8499755859375,28630222
2024-12-16,1275,1281,1266.550048828125,1268.300048828125,9486781
2024-12-17,1261.050048828125,1263.9000244140625,1242.800048828125,1245.300048828125,17462791
2024-12-18,1240.6500244140625,1259.949951171875,1240.6500244140625,1253.25,12670179
2024-12-19,1239,1244.9000244140625,1229,1230.449951171875,14244653
2024-12-20,1224,1239.5,1201.5,1205.300048828125,20312896
2024-12-23,1215,1227.199951171875,1213.199951171875,1222.300048828125,10052824
2024-12-24,1222.300048828125,1233.550048828125,1221,1222.75,6734917
2024-12-26,1224.25,1227.699951171875,1214.25,1216.550048828125,10016178
2024-12-27,1218.300048828125,1227.9000244140625,1217,1221.050048828125,7000397
2024-12-30,1216.4000244140625,1223.199951171875,1208.0999755859375,1210.699951171875,8818766
2024-12-31,1208,1219.0999755859375,1206.1500244140625,1215.449951171875,6405475
2025-01-01,1214.8499755859375,1226.300048828125,1211.5999755859375,1221.25,5892590
